Record Type|Account Number|Salesforce ID|Active Date|Status Change Date|Account Status|Account Category|Company Name|Bill Salutation|Bill Fname|Bill Lname|Bill Address1|Bill Address2|Bill Address3|Bill suburb|Bill State|Bill post code|Cust Address1|Cust Address2|Cust Address3|Cust suburb|Cust State|Cust post code
D|200658|AN00585483|20071129||Active|Wholesale|Australian Federal Police (West Block)||Network|Services|GPO Box 401|||Canberra|ACT|2601|GPO Box 401|||Canberra|ACT|2601
D|200666|AN00661060|20080424|20110501|Disc Done|Wholesale|Opes Prime Stockbroking Ltd. (Administrators Appointed)||Elizabeth|Bauer|Level 17 330 Collins St|||Melbourne|VIC|3000|Level 17 330 Collins St|||Melbourne|VIC|3000
D|200681|AN00679225|20080922|20110402|Disc Done|Wholesale|Woodgate & Co|Mr|Mr Blake|Baxter.|GPO Box 882|||Sydney|NSW|2001|GPO Box 882|||Sydney|NSW|2001
D|200700|AN00239435|20090813|20110501|Disc Done|Wholesale|Rio Tinto Services Limited|Attn|Shubha|Bohra|Lvl 24/215 Adelaide Street|||BRISBANE|QLD|4000||||||
D|200707|AN00657637|20091030||Active|Wholesale|First Capital Financial Planning|Mr.|Yul|Hardick|Suite 803 level 8, 15 Castlereagh Street|||Sydney|NSW|2000||||||
D|200707|AN00017238|20091104|20110501|Disc Done|Wholesale|Daryl Jackson Pty Ltd|mr|graham|lowe|35 Little Bourke St|||MELBOURNE|VIC|3000||||||
D|200708|AN00017238|20091104||Active|Wholesale|Daryl Jackson Pty Ltd|mr|graham|lowe|35 Little Bourke St|||MELBOURNE|VIC|3000||||||
D|200708|AN00017238|20091104||Active|Wholesale|Daryl Jackson Pty Ltd|mr|graham|lowe|35 Little Bourke St|||MELBOURNE|VIC|3000||||||
D|200716|AN00009139|20091217|20110501|Disc Done|Wholesale|Canterbury City Council|Ms|Lara|Kirchner|137 Beamish St|||Campsie|NSW|2194||||||
D|200728|AN00001849|20100510|20110801|Disc Done|Wholesale|WHYBIN TBWA PTY LTD.|Mr.|Jaymz|Hingert,|80 Gipps St|||PYRMONT|NSW|2009||||||
D|200730|AN00689404|20100519||Active|Wholesale|ESTEEM BEAUTY AND DAY SPA PTY LTD|Mr|Ken|Morley|Shopping Village 74 Seaworld Dr|||Main Beach|QLD|4217||||||
D|200734|AN00689252|20100617||Active|Wholesale|SLNSW/NSW.Net|MS|Joyce|Azzopardi|Macquarie St|||Sydney|NSW|2000||||||
D|200743|AN00006088|20100826||Active|ABS|FLINT GROUP AUSTRALIA PTY LTD|Mr|RENE|KIRK|25-51 BERENDS DRIVE|||DANDENONG SOUTH|VIC|3175||||||
D|200743|AN00004809|20100827||Active|ABS|PF Lawyers Pty Limited as trustee of the Australian Serv|MR|John|Duckett|201 ELIZABETH STREET|||sydney|NSW|2000||||||
D|200774|AN00003479|20101014||Active|ABS|NTP Forklifts Australia|Mr|Tom|Naffine|640 South Road|||Angle Park|SA|5010||||||
D|200816|AN00698610|20110220||Active|Intenal|bar test 1 - internal a/c||cly test|contact|PO 1234|||Sydney|NSW|2001||||||
D|200817|AN00698610|20110220||Active|Intenal|bar test 3 - internal||cly test|contact|PO 1234|||Sydney|NSW|2001||||||
D|200818|AN00007395|20110222||Active|ABS|RAIL PLUS AUSTRALASIA PTY LTD|Mr.|David|Stafford|Level 4, 10-16 Queen Street|||MELBOURNE|VIC|3000||||||
D|200818|AN00699212|20110222||Active|ABS|Burke Air|Mr.|Sven|Scheepers|1/21 Frederick St|||Belmont|WA|6104||||||
D|200818|AN00664434|20110222||Active|ABS|Future Logic Pty Ltd|Mrs.|Sylvia|Tuite|Unit 4, 1 Almondbury Rd|||Mount Lawley|WA|6050||||||
D|200819|AN00696357|20110222||Active|ABS|Placer Management Group||Jan|Spriggs|Unit 6/132 Terrace Road|||Perth|WA|6000||||||
D|200819|AN00235907|20110222||Active|Wholesale|FAKTORTEL PTY LTD - RPG|Mr.|Allan|Cowling|PO Box 8275|||Varsity Lakes|QLD|4227||||||
D|200820|AN00695540|20110223||Active|ABS|Ipera||Chris|Deere|9 Denison St|||Dangar|NSW|2309||||||
D|200820|AN00031039|20110223||Active|ABS|Cameron Stockbrokers Limited|Mr.|Enzo|Pirillo|PO BOX 413|||HAMILTON|NSW|2303||||||
D|200822|AN00700946|20110224||Active|ABS|Qube Property Group||Michelle|Van Der Meulen|437 Roberts Road|||Subiaco|WA|6008||||||
D|200822|AN00692103|20110224||Active|ABS|PARTNERCORP PTY LIMITED|Mr.|Mitch|Holding|11 Denney Street,|||Broadmeadow|NSW|2292||||||
D|200824|AN00032575|20110224||Active|ABS|MICROHIRE PTY. LTD.|Mr.|Thomas|Armati|1/6-8 George Place|||Artarmon|NSW|2064||||||
D|200826|AN00690069|20110225||Active|ABS|The Touch Up Guys||Renee|Stokes|Unit 4 / No 8 Hampton Road|||Burleigh Heads|QLD|4220||||||
D|200828|AN00699213|20110225||Active|ABS|United Broadcasting International Pty Ltd||Teody|Billanueva|55 Pyrmont Bridge Road|||Pyrmont|NSW|2009||||||
D|200830|AN00004717|20110228||Active|ABS|INTERLINK GROUP PTY LTD|Ms.|Cynthia|Peretz|Level 1,382 Wellington Drive|||Mulgrave|VIC|3170||||||
D|200832|AN00019344|20110228||Active|ABS|Patersons Securities Limited|Mr.|Keith|Barlow|Level 23 2 The Esplanade|||PERTH|WA|6000||||||
D|200834|AN00004969|20110228||Active|ABS|IPA Personnel Pty Ltd|Mr.|Judd|Neimann|Level 20 60 City Road|||SOUTHBANK|VIC|3006||||||
D|200836|AN00700950|20110228||Active|ABS|Five Senses Coffee|Mr.|Caleb|Sexton|Unit 5, 3 Arkwright Road|||Rockingham|WA|6168||||||
D|200836|AN00696244|20110228||Active|ABS|Adelaide Entertainments Corporation|Mr.|David|Goodchild|98 Port Road|||Hindmarsh|SA|5007||||||
D|200838|AN00700949|20110301||Active|ABS|Advocacy Law Alliance Inc|Mr.|Mark|Grierson|Suite 3, Level 1, 408 King Street|||Newcastle West|NSW|2302||||||
D|200839|AN00700949|20110301||Active|ABS|Disability Advocacy NSW Inc|Mr.|Mark|Grierson|Suite 3, Level 1, 408 King Street|||Newcastle West|NSW|2302||||||
D|200839|AN00700949|20110301||Active|ABS|Disability Advocacy NSW Inc|Mr.|Mark|Grierson|Suite 3, Level 1, 408 King Street|||Newcastle West|NSW|2302||||||
D|200839|AN00700949|20110301||Active|ABS|Disability Advocacy NSW|Mr.|Mark|Grierson|Suite 3, Level 1, 408 King Street|||Newcastle West|NSW|2302||||||
D|200840|AN00701007|20110301||Active|ABS|MILLENNIUM HI-TECH SECURITIES|Ms.|Sandra|Mayee|Suite 202,Level2,97 Pacific Hwy|||North Sydney|NSW|2060||||||
D|200842|AN00701012|20110302||Active|ABS|Royal Restorations Pty Ltd|Ms.|Cassie|Osborn|Lot 50 Gumtree Court|||Woodford|QLD|4514||||||
D|200844|AN00689632|20110302||Active|ABS|Craggy Range Australia Pty Ltd|Ms.|Cassandra|Hamlin|PO BOX 163|||TOOWONG|QLD|4066||||||
D|200844|AN00001180|20110302||Active|ABS|T-shirt Corporation (Aust)||Andrew|Smith|Cnr Grieve Parade|||ALTONA NORTH|VIC|3025||||||
D|200846|AN00691958|20110302||Active|ABS|Wood Group Production Facilities|Mr.|Peter|Minty|432 Murray St|||PERTH|WA|6000||||||
D|200848|AN00701017|20110303||Active|ABS|Amalgamated Contract Service PTY LTD|Mr.|Philip|Churven|191 Wickham Terrace|||Spring Hill|QLD|4000||||||
D|200848|AN00701008|20110303||Active|ABS|All K9 Industrial Security Pty Ltd|Mr.|Dennis|Gallacher|3 Battersea Rd|||Canning Vale|WA|6155||||||
D|200848|AN00701016|20110303||Active|ABS|UPTON HIGH PTY LTD|Mr.|Thomas|BIRCH|82 HIGH ST|||PRAHRAN|VIC|3181||||||
D|200849|AN00701021|20110303||Active|ABS|BB ENTERPRISES PTY LTD|Ms.|Joanne|Barham- Byrne|76 Ashmore Rd|||Bundall|QLD|4217||||||
D|200849|AN00701020|20110303||Active|ABS|KAFIG PTY. LTD|Ms.|Nhung|Truong|Level 9161 Collins St|||Melbourne|VIC|3000||||||
T|Kenan|Forte|0001|20120306 15:27:12|48